generation,average
0,14.8
1,16.433333333333334
2,16.833333333333332
3,18.1
4,18.866666666666667
5,19.533333333333335
6,19.833333333333332
7,20.066666666666666
8,21.366666666666667
9,22.033333333333335
10,21.833333333333332
11,22.6
12,23.433333333333334
13,24.3
14,23.633333333333333
15,24.333333333333332
16,25.033333333333335
17,24.566666666666666
18,25.133333333333333
19,24.566666666666666
20,24.866666666666667
21,25.333333333333332
22,24.733333333333334
23,25.7
24,25.866666666666667
